,Variable,total_[m3pd],total_[MGD],pct_of_pcip
0,actual_et,223881.91390877627,59.143344745647795,0.14624858811305705
1,direct_net_infiltation,36247.573638365604,9.575595931168579,0.02367835960744495
2,direct_soil_moisture,1919.3429823964834,0.5070367753746683,0.0012537913240931347
3,interception,128153.12115598151,33.85447306765171,0.08371472578611512
4,net_infiltration,843866.008130988,222.92581551880414,0.5512469055273724
5,rainfall,1494583.7102555002,394.827246576461,0.9763216403925551
6,runoff,355205.64808195195,93.83540516217022,0.23203448467452326
