,Variable,total_[m3pd],total_[MGD],pct_of_pcip
0,actual_et,223270.93686757248,58.981941686558734,0.14584875891720503
1,direct_net_infiltation,36247.573638365604,9.575595931168579,0.023678243586406737
2,direct_soil_moisture,1919.3429823964834,0.5070367753746683,0.001253785180670468
3,interception,125950.28681095674,33.27254579710658,0.08227534346550253
4,net_infiltration,846479.551852441,223.61624072835772,0.5529514670317186
5,rainfall,1494591.211176514,394.82922811016186,0.9763217564135933
6,runoff,355205.9173250448,93.83547628867072,0.23203352361365664
