,Site,Ave_Total_Q_[cfs],AveBF_[cfs],Ave RO_[cfs],BF:Q
0,Fagaalu,8.406906447451215,3.2444230897554203,5.162483357695795,0.3859235391799865
1,Leone,7.881867336214455,2.9647232710795866,4.917144065134869,0.376144782018559
2,Fagasa,4.1795326357118885,1.9435996183177824,2.235933017394106,0.46502797985371735
3,Afono,3.745082167716517,0.909846534665081,2.835235633051436,0.24294434512229682
4,Nuuuli,6.204990111174525,2.1857849930690807,4.019205118105445,0.3522624458551054
5,Vaipito,5.329888896134594,1.7299633126413505,3.599925583493243,0.3245777438054995
6,Malota,7.80516029761713,4.841185653442971,2.963974644174159,0.6202544815025717
7,Fagaitua,1.14993676374722,0.5534136636359955,0.5965231001112244,0.48125573603945354
