,Site,Ave_Total_Q_[cfs],AveBF_[cfs],Ave RO_[cfs],BF:Q
0,Fagaalu,7.525618206427209,2.9157295363286546,4.609888670098554,0.38744053396682987
1,Leone,7.44088593930351,3.056807520683328,4.384078418620183,0.4108123072465017
2,Fagasa,3.030887795978106,1.485483816431947,1.545403979546159,0.49011508060547077
3,Afono,3.8630469219060397,0.7012036293855903,3.1618432925204494,0.18151569047978694
4,Nuuuli,6.009073989246825,2.199117437252595,3.80995655199423,0.36596611078310776
5,Vaipito,5.193368784037223,1.7403559920014122,3.453012792035811,0.3351111897446446
6,Malota,7.482628729490033,4.860662679201201,2.6219660502888322,0.6495929244818314
7,Fagaitua,0.6795084598768888,0.2818126424486868,0.397695817428202,0.41473014552275733
