,Site,Ave_Total_Q_[cfs],AveBF_[cfs],Ave RO_[cfs],BF:Q
0,Fagaalu,7.607933450829728,2.9754256717923404,4.632507779037388,0.3910951234027734
1,Leone,7.44088593930351,3.056807520683328,4.384078418620183,0.4108123072465017
2,Fagasa,3.0596177639789803,1.5109653754594856,1.5486523885194947,0.4938412220141189
3,Afono,3.870001623205847,0.7306766261108552,3.139324997094992,0.18880525055324768
4,Nuuuli,6.009073989246825,2.199117437252595,3.80995655199423,0.36596611078310776
5,Vaipito,5.193368784037223,1.7403559920014122,3.453012792035811,0.3351111897446446
6,Malota,7.482628729490033,4.860662679201201,2.6219660502888322,0.6495929244818314
7,Fagaitua,0.6795084598768888,0.2818126424486868,0.397695817428202,0.41473014552275733
