,Month,Total_flow,Baseflow,Runoff,BF:TF,Site
5,8,4.870488559257137,1.90846269146532,2.970381221498815,0.39184214647994264,Fagaalu
5,8,4.557715347490829,0.9602305606912479,3.7057006495168254,0.21068243351789975,Leone
5,8,3.0447036596747643,1.5687813040005185,1.4767290369898958,0.5152492588287216,Fagasa
4,8,1.6501541339880095,0.11313980623001102,1.5377150923872807,0.06856317473603538,Afono
5,8,5.327228160026355,2.272896660527554,3.0662483467254735,0.42665652610537136,Nuuuli
5,8,3.5364627672980413,1.3430563716048678,2.1953815024197625,0.37977393231005263,Vaipito
4,8,7.265694200264475,5.736798060235975,1.5408681404872346,0.7895732881280845,Malota
4,8,0.5936360044810527,0.16239651726650595,0.4312925940783379,0.27356244574227,Fagaitua
