,Month,Total_flow,Baseflow,Runoff,BF:TF,Site
3,6,3.5203865744832195,2.1722745762693982,1.356223993642907,0.6170556926942833,Fagaalu
3,6,3.7329594302007245,1.5200052848606613,2.3606575561767382,0.4071850533824123,Leone
3,6,2.260265960818982,1.479600727053121,0.7843770841091572,0.6546135511048462,Fagasa
2,6,0.8140830550425353,0.20566177969038887,0.6099251001295808,0.25262997235539214,Afono
3,6,3.7247765941151827,1.9858608720652915,1.7389157220498919,0.533148988103817,Nuuuli
3,6,2.5217959635291196,1.365890414810123,1.1572536467015042,0.5416339920294867,Vaipito
2,6,5.800237318797154,4.550134675978522,1.253315676712514,0.7844738802725615,Malota
2,6,0.27965710098025304,0.21202834374546892,0.08131548828242781,0.7581725727766896,Fagaitua
