,Month,Total_flow,Baseflow,Runoff,BF:TF,Site
0,3,6.2578699875312696,4.295536445542805,2.02952619304208,0.6864214907151489,Fagaalu
0,3,5.674462475221024,3.9027579021733776,1.8243856614833234,0.6877757883175292,Leone
0,3,3.711950936200181,2.800669126778169,0.9775219036032041,0.7545005779750782,Fagasa
11,3,1.397304075533884,0.6569795449353785,0.7643070227603068,0.4701765037680569,Afono
0,3,3.1316674706850653,2.0538492007115523,0.7442959974656373,0.6558324662299679,Nuuuli
0,3,3.161529018354686,2.013554675717813,1.1904096667317559,0.6368926756730202,Vaipito
11,3,6.354687249892906,5.045677858189017,1.312148749288052,0.7940088409974938,Malota
11,3,1.069499974730387,0.672177457628607,0.39732251710177985,0.6284969364286875,Fagaitua
