,Month,Total_flow,Baseflow,Runoff,BF:TF,Site
0,3,6.25786998753127,4.295536445542805,2.02952619304208,0.6864214907151489,Fagaalu
0,3,5.674462475221024,3.9027579021733776,1.8243856614833234,0.6877757883175292,Leone
0,3,3.7119509362001795,2.80066912677817,0.9775219036032041,0.7545005779750786,Fagasa
11,3,1.3973040755338837,0.6569795449353785,0.7643070227603068,0.470176503768057,Afono
0,3,3.1316674706850645,2.0538492007115527,0.7442959974656373,0.6558324662299683,Nuuuli
0,3,3.161529018354686,2.0135546757178124,1.1904096667317559,0.63689267567302,Vaipito
11,3,6.354687249892903,5.045677858189017,1.3121487492880524,0.7940088409974941,Malota
11,3,1.069499974730387,0.6721774576286071,0.39732251710177985,0.6284969364286876,Fagaitua
