,Month,Total_flow,Baseflow,Runoff,BF:TF,Site
6,9,4.151495989098299,1.983125707079648,2.1740959447051593,0.4776894190160066,Fagaalu
6,9,5.262828747245486,1.3660717848338753,3.908443945715775,0.25956987210516097,Leone
6,9,2.9274968390950415,1.765272344633682,1.1662767451033387,0.6029971821180068,Fagasa
5,9,0.6454495246358095,0.06303996527720786,0.5829073460856037,0.09766831157367066,Afono
6,9,4.749190354380865,2.2679054216938073,2.4848746940462814,0.47753516967408777,Nuuuli
6,9,2.6839933747993654,1.3309002443193005,1.3552831266467262,0.49586569654583756,Vaipito
5,9,6.898980607842725,5.329177710880977,1.5716737588313419,0.7724587172810422,Malota
5,9,0.3642084846662377,0.16472192070535474,0.19965313805742965,0.45227370487073265,Fagaitua
