,Variable,total_[m3pd],total_[MGD],pct_of_pcip
0,actual_et,223270.93686757248,58.981941686558734,0.14385529742487296
1,direct_net_infiltation,57461.030654716305,15.17959841471099,0.03702261374070719
2,direct_soil_moisture,1919.3429823964834,0.5070367753746683,0.0012366484391864898
3,interception,125950.28681095674,33.27254579710658,0.08115080370126648
4,net_infiltration,867693.008856764,229.2202432087227,0.5590617283816383
5,rainfall,1494591.211176514,394.82922811016186,0.9629773862592929
6,runoff,355205.9173250448,93.83547628867072,0.22886208837013478
