,Variable,total_[m3pd],total_[MGD],pct_of_pcip
0,actual_et,223881.91390877627,59.143344745647795,0.1442496366984569
1,direct_net_infiltation,57461.19628928881,15.179642170735997,0.037022895437484944
2,direct_soil_moisture,1919.3429823964834,0.5070367753746683,0.0012366542838437484
3,interception,128153.12115598151,33.85447306765171,0.08257049819600903
4,net_infiltration,865079.6307292808,228.52986174446806,0.5573805416849362
5,rainfall,1494583.7102555002,394.827246576461,0.9629771045625151
6,runoff,355205.64808195195,93.83540516217022,0.22886299654352263
