OID,SHED_NAME,ZONE_CODE,COUNT,AREA,MIN,MAX,RANGE,MEAN,STD,SUM
0,Tafuna Plain,1,702,7020000.000000000000000,10.239999771100001,74.790000915500002,64.550001144399999,44.762079784999997,18.174351829999999,31422.980009099999734