OID,SHED_NAME,ZONE_CODE,COUNT,AREA,MIN,MAX,RANGE,MEAN,STD,SUM
0,Leone,1,277,2770000.000000000000000,9.489999771120001,50.430000305199997,40.940000534100001,36.557689535900003,7.915379772150000,10126.480001399999310