OID,SHED_NAME,ZONE_CODE,COUNT,AREA,MIN,MAX,RANGE,MEAN,STD,SUM
0,Leone,1,277,2770000.000000000000000,9.489999771120001,48.830001831099999,39.340002059900002,40.077184043599999,8.906536414190001,11101.379980100000466